priority_tier,county,source_result_key,source_norm,pair_count,example_target_polygon_key,candidate_1,score_1,candidate_2,score_2,candidate_3,score_3,score_gap_1_2
manual_medium,Aiken,Aiken - Misty Lakes No 45,AIKEN - MISTY LAKES NO 45,1,Aiken - Misty Lakes,Aiken - Misty Lakes,0.8636,Aiken - Gem Lakes No. 60,0.7755,Aiken - Gem Lakes No. 77,0.7755,0.0881
manual_medium,Anderson,Anderson - 5 Forks,ANDERSON - 5 FORKS,1,Anderson - Five Forks,Anderson - Five Forks,0.8718,Anderson - Fork No 1,0.7895,Anderson - Fork No 2,0.7895,0.0823
manual_medium,Berkeley,Berkeley - 52,BERKELEY - 52,1,Berkeley - Fifty-Two,Berkeley - Old 52,0.8667,Berkeley - Alvin,0.7586,Berkeley - Cross,0.7586,0.1081
manual_medium,Berkeley,Berkeley - Boulder Bluff No. 1,BERKELEY - BOULDER BLUFF NO. 1,1,Berkeley - Central,Berkeley - Boulder Bluff,0.8889,,,,,0.8889
manual_medium,Berkeley,Berkeley - Goose Creek 1,BERKELEY - GOOSE CREEK 1,1,Berkeley - Foster Creek 1,Berkeley - Foster Creek 1,0.8980,Berkeley - Foster Creek 2,0.8571,Berkeley - Foster Creek 3,0.8571,0.0409
manual_medium,Berkeley,Berkeley - Goose Creek 2,BERKELEY - GOOSE CREEK 2,1,Berkeley - Foster Creek 2,Berkeley - Foster Creek 2,0.8980,Berkeley - Foster Creek 1,0.8571,Berkeley - Foster Creek 3,0.8571,0.0409
manual_medium,Berkeley,Berkeley - Goose Creek 3,BERKELEY - GOOSE CREEK 3,1,Berkeley - Foster Creek 3,Berkeley - Foster Creek 3,0.8980,Berkeley - Foster Creek 1,0.8571,Berkeley - Foster Creek 2,0.8571,0.0409
manual_medium,Cherokee,Cherokee - Musgrove,CHEROKEE - MUSGROVE,1,Cherokee - Musgrove Mill,Cherokee - Musgrove Mill,0.8837,Cherokee - Pleasant Grove,0.7727,Cherokee - Morgan,0.7222,0.1110
manual_medium,Chesterfield,Chesterfield - Pageland,CHESTERFIELD - PAGELAND,1,Chesterfield - Pageland No. 1,Chesterfield - Pageland No. 1,0.8846,Chesterfield - Pageland No. 2,0.8846,Chesterfield - Pee Dee,0.8000,0.0000
manual_medium,Chesterfield,Chesterfield - Snow Hill,CHESTERFIELD - SNOW HILL,1,Chesterfield - Snow Hill-Vaughn,Chesterfield - Snow Hill-Vaughn,0.8727,Chesterfield - Shiloh,0.8444,Chesterfield - Brocks Mill,0.8000,0.0283
manual_medium,Colleton,Colleton - Smoaks,COLLETON - SMOAKS,1,Colleton - Berea-Smoaks,Colleton - Stokes,0.8824,Colleton - Berea-Smoaks,0.8500,Colleton - Edisto,0.7647,0.0324
manual_medium,Dorchester,Dorchester - 4 Hole,DORCHESTER - 4 HOLE,1,Dorchester - Four Hole,Dorchester - Four Hole,0.8780,Dorchester - Trolley,0.8205,Dorchester - Archdale,0.8000,0.0575
manual_medium,Edgefield,Edgefield - Trenton,EDGEFIELD - TRENTON,2,Edgefield - Trenton No. 1,Edgefield - Trenton No.1,0.8837,Edgefield - Trenton No.2,0.8837,Edgefield - Brunson,0.8421,0.0000
manual_medium,Florence,Florence - Florence 1,FLORENCE - FLORENCE 1,1,Florence - Florence Ward 1,Florence - Florence Ward 1,0.8936,Florence - West Florence 1,0.8936,Florence - Florence Ward 10,0.8750,0.0000
manual_medium,Florence,Florence - Florence 10,FLORENCE - FLORENCE 10,1,Florence - Florence Ward 10,Florence - Florence Ward 10,0.8980,Florence - Florence Ward 1,0.8750,Florence - West Florence 1,0.8750,0.0230
manual_medium,Florence,Florence - Florence 11,FLORENCE - FLORENCE 11,1,Florence - Florence Ward 11,Florence - Florence Ward 11,0.8980,Florence - Florence Ward 1,0.8750,Florence - West Florence 1,0.8750,0.0230
manual_medium,Florence,Florence - Florence 12,FLORENCE - FLORENCE 12,1,Florence - Florence Ward 12,Florence - Florence Ward 12,0.8980,Florence - Florence Ward 1,0.8750,Florence - Florence Ward 2,0.8750,0.0230
manual_medium,Florence,Florence - Florence 2,FLORENCE - FLORENCE 2,1,Florence - Florence Ward 2,Florence - Florence Ward 2,0.8936,Florence - West Florence 2,0.8936,Florence - Florence Ward 12,0.8750,0.0000
manual_medium,Florence,Florence - Florence 3,FLORENCE - FLORENCE 3,1,Florence - Florence Ward 3,Florence - Florence Ward 3,0.8936,Florence - Florence Ward 1,0.8511,Florence - Florence Ward 2,0.8511,0.0425
manual_medium,Florence,Florence - Florence 4,FLORENCE - FLORENCE 4,1,Florence - Florence Ward 4,Florence - Florence Ward 4,0.8936,Florence - Florence Ward 14,0.8750,Florence - Florence Ward 1,0.8511,0.0186
manual_medium,Florence,Florence - Florence 5,FLORENCE - FLORENCE 5,1,Florence - Florence Ward 5,Florence - Florence Ward 5,0.8936,Florence - Florence Ward 15,0.8750,Florence - Florence Ward 1,0.8511,0.0186
manual_medium,Florence,Florence - Florence 6,FLORENCE - FLORENCE 6,1,Florence - Florence Ward 6,Florence - Florence Ward 6,0.8936,Florence - Florence Ward 1,0.8511,Florence - Florence Ward 2,0.8511,0.0425
manual_medium,Florence,Florence - Florence 7,FLORENCE - FLORENCE 7,1,Florence - Florence Ward 7,Florence - Florence Ward 7,0.8936,Florence - Florence Ward 1,0.8511,Florence - Florence Ward 2,0.8511,0.0425
manual_medium,Florence,Florence - Florence 8,FLORENCE - FLORENCE 8,1,Florence - Florence Ward 8,Florence - Florence Ward 8,0.8936,Florence - Florence Ward 1,0.8511,Florence - Florence Ward 2,0.8511,0.0425
manual_medium,Florence,Florence - Florence 9,FLORENCE - FLORENCE 9,1,Florence - Florence Ward 9,Florence - Florence Ward 9,0.8936,Florence - Florence Ward 1,0.8511,Florence - Florence Ward 2,0.8511,0.0425
manual_medium,Florence,Florence - Florence No. 1,FLORENCE - FLORENCE NO. 1,1,Florence - Florence Ward 1,Florence - Florence Ward 1,0.8627,Florence - Florence Ward 10,0.8462,Florence - Florence Ward 11,0.8462,0.0165
manual_medium,Florence,Florence - Florence No. 10,FLORENCE - FLORENCE NO. 10,1,Florence - Florence Ward 10,Florence - Florence Ward 10,0.8679,Florence - Florence Ward 1,0.8462,Florence - Florence Ward 11,0.8302,0.0217
manual_medium,Florence,Florence - Florence No. 11,FLORENCE - FLORENCE NO. 11,1,Florence - Florence Ward 11,Florence - Florence Ward 11,0.8679,Florence - Florence Ward 1,0.8462,Florence - Florence Ward 10,0.8302,0.0217
manual_medium,Florence,Florence - Florence No. 12,FLORENCE - FLORENCE NO. 12,1,Florence - Florence Ward 12,Florence - Florence Ward 12,0.8679,Florence - Florence Ward 1,0.8462,Florence - Florence Ward 2,0.8462,0.0217
manual_medium,Florence,Florence - Florence No. 14,FLORENCE - FLORENCE NO. 14,1,Florence - Florence Ward 14,Florence - Florence Ward 14,0.8679,Florence - Florence Ward 1,0.8462,Florence - Florence Ward 4,0.8462,0.0217
manual_medium,Florence,Florence - Florence No. 15,FLORENCE - FLORENCE NO. 15,1,Florence - Florence Ward 15,Florence - Florence Ward 15,0.8679,Florence - Florence Ward 1,0.8462,Florence - Florence Ward 5,0.8462,0.0217
manual_medium,Florence,Florence - Florence No. 2,FLORENCE - FLORENCE NO. 2,1,Florence - Florence Ward 2,Florence - Florence Ward 2,0.8627,Florence - Florence Ward 12,0.8462,Florence - Florence Ward 1,0.8235,0.0165
manual_medium,Florence,Florence - Florence No. 3,FLORENCE - FLORENCE NO. 3,1,Florence - Florence Ward 3,Florence - Florence Ward 3,0.8627,Florence - Florence Ward 1,0.8235,Florence - Florence Ward 2,0.8235,0.0392
manual_medium,Florence,Florence - Florence No. 4,FLORENCE - FLORENCE NO. 4,1,Florence - Florence Ward 4,Florence - Florence Ward 4,0.8627,Florence - Florence Ward 14,0.8462,Florence - Florence Ward 1,0.8235,0.0165
manual_medium,Florence,Florence - Florence No. 5,FLORENCE - FLORENCE NO. 5,1,Florence - Florence Ward 5,Florence - Florence Ward 5,0.8627,Florence - Florence Ward 15,0.8462,Florence - Florence Ward 1,0.8235,0.0165
manual_medium,Florence,Florence - Florence No. 6,FLORENCE - FLORENCE NO. 6,1,Florence - Florence Ward 6,Florence - Florence Ward 6,0.8627,Florence - Florence Ward 1,0.8235,Florence - Florence Ward 2,0.8235,0.0392
manual_medium,Florence,Florence - Florence No. 7,FLORENCE - FLORENCE NO. 7,1,Florence - Florence Ward 7,Florence - Florence Ward 7,0.8627,Florence - Florence Ward 1,0.8235,Florence - Florence Ward 2,0.8235,0.0392
manual_medium,Florence,Florence - Florence No. 8,FLORENCE - FLORENCE NO. 8,1,Florence - Florence Ward 8,Florence - Florence Ward 8,0.8627,Florence - Florence Ward 1,0.8235,Florence - Florence Ward 2,0.8235,0.0392
manual_medium,Florence,Florence - Florence No. 9,FLORENCE - FLORENCE NO. 9,1,Florence - Florence Ward 9,Florence - Florence Ward 9,0.8627,Florence - Florence Ward 1,0.8235,Florence - Florence Ward 2,0.8235,0.0392
manual_medium,Georgetown,Georgetown - Pawleys Isl 1,GEORGETOWN - PAWLEYS ISL 1,1,Georgetown - Pawleys Island No. 1,Georgetown - Pawley'S Island No. 1,0.8814,Georgetown - Pawley'S Island No. 2,0.8475,Georgetown - Pawley'S Island No. 3,0.8475,0.0339
manual_medium,Georgetown,Georgetown - Pawleys Isl 2,GEORGETOWN - PAWLEYS ISL 2,1,Georgetown - Pawleys Island No. 2,Georgetown - Pawley'S Island No. 2,0.8814,Georgetown - Pawley'S Island No. 1,0.8475,Georgetown - Pawley'S Island No. 3,0.8475,0.0339
manual_medium,Georgetown,Georgetown - Pawleys Isl 3,GEORGETOWN - PAWLEYS ISL 3,1,Georgetown - Pawleys Island No. 3,Georgetown - Pawley'S Island No. 3,0.8814,Georgetown - Pawley'S Island No. 1,0.8475,Georgetown - Pawley'S Island No. 2,0.8475,0.0339
manual_medium,Georgetown,Georgetown - Pawleys Isl 4,GEORGETOWN - PAWLEYS ISL 4,1,Georgetown - Pawleys Island No. 4,Georgetown - Pawley'S Island No. 4,0.8814,Georgetown - Pawley'S Island No. 1,0.8475,Georgetown - Pawley'S Island No. 2,0.8475,0.0339
manual_medium,Georgetown,Georgetown - Pawleys Isl 5,GEORGETOWN - PAWLEYS ISL 5,1,Georgetown - Pawleys Island No. 5,Georgetown - Pawley'S Island No. 5,0.8814,Georgetown - Pawley'S Island No. 1,0.8475,Georgetown - Pawley'S Island No. 2,0.8475,0.0339
manual_medium,Greenwood,Greenwood - Ninety Six Depot,GREENWOOD - NINETY SIX DEPOT,1,Greenwood - Ninety Six,Greenwood - Ninety Six,0.8800,Greenwood - Ninety Six Mill,0.8364,,,0.0436
manual_medium,Greenwood,Greenwood - Rutherford,GREENWOOD - RUTHERFORD,1,Greenwood - Rutherford Shoals,Greenwood - Rutherford Shoals,0.8627,Greenwood - Stonewood,0.7442,Greenwood - Troy,0.7368,0.1185
manual_medium,Hampton,Hampton - Hampton Cthse 2,HAMPTON - HAMPTON CTHSE 2,1,Hampton - Hampton No. 2,Hampton - Hampton Courthouse No.2,0.8621,Hampton - Hampton Courthouse No.1,0.8276,,,0.0345
manual_medium,Lancaster,Lancaster - Wylie Park,LANCASTER - WYLIE PARK,1,Lancaster - University,Lancaster - Hyde Park,0.8837,Lancaster - College Park,0.8261,Lancaster - Erwin Farm,0.7727,0.0576
manual_medium,Lexington,Lexington - Cayce Ward No.1,LEXINGTON - CAYCE WARD NO.1,1,Lexington - Cayce No. 1,Lexington - Cayce No. 1,0.8800,Lexington - Cayce No. 2,0.8400,Lexington - Cayce No. 3,0.8400,0.0400
manual_medium,Lexington,Lexington - Cayce Ward No.2,LEXINGTON - CAYCE WARD NO.2,1,Lexington - Cayce No. 2,Lexington - Cayce No. 2,0.8800,Lexington - Cayce No. 1,0.8400,Lexington - Cayce No. 3,0.8400,0.0400
manual_medium,Lexington,Lexington - Cayce Ward No.3,LEXINGTON - CAYCE WARD NO.3,1,Lexington - Cayce No. 3,Lexington - Cayce No. 3,0.8800,Lexington - Cayce No. 1,0.8400,Lexington - Cayce No. 2,0.8400,0.0400
manual_medium,Lexington,Lexington - Saint David,LEXINGTON - SAINT DAVID,1,Lexington - St. Davids,Lexington - St. Davids,0.8889,Lexington - Springdale,0.7556,Lexington - Fairview,0.7442,0.1333
manual_medium,Newberry,Newberry - Consolidated 5,NEWBERRY - CONSOLIDATED 5,1,Newberry - Consolidated Number 5,Newberry - Consolidated Number 5,0.8772,,,,,0.8772
manual_medium,Newberry,Newberry - St Phillips Jolly St.,NEWBERRY - ST PHILLIPS JOLLY ST.,1,Newberry - St. Phillips-Jolly Street,Newberry - St. Phillips-Jolly Street,0.8824,,,,,0.8824
manual_medium,Orangeburg,Orangeburg - 4 Holes,ORANGEBURG - 4 HOLES,1,Orangeburg - Four Holes,Orangeburg - Four Holes,0.8837,Orangeburg - Cope,0.8108,Orangeburg - Bethel,0.7692,0.0729
manual_medium,Pickens,Pickens - 9 Forks,PICKENS - 9 FORKS,1,Pickens - Nine Forks,Pickens - Nine Forks,0.8649,Pickens - Norris,0.7879,Pickens - Morrison,0.7429,0.0770
manual_medium,Pickens,Pickens - Pickens I,PICKENS - PICKENS I,1,Pickens - East Pickens,Pickens - Pickensville,0.8780,Pickens - Pike,0.8485,Pickens - West Pickens,0.8293,0.0295
manual_medium,Spartanburg,Spartanburg - Boiling Springs A,SPARTANBURG - BOILING SPRINGS A,1,Spartanburg - Boiling Springs 9Th Grade,Spartanburg - Boiling Springs 9Th Grade,0.8857,Spartanburg - Boiling Springs Elementary,0.8732,Spartanburg - Boling Springs Jr. High,0.8529,0.0125
manual_medium,Spartanburg,Spartanburg - Clifdale Elementary,SPARTANBURG - CLIFDALE ELEMENTARY,1,Spartanburg - Broome High School,Spartanburg - Arcadia Elementary,0.8615,Spartanburg - Pacolet Elementary,0.8615,Spartanburg - Lyman Elementary,0.8571,0.0000
manual_medium,Spartanburg,Spartanburg - Cornerstone,SPARTANBURG - CORNERSTONE,1,Spartanburg - Cornerstone Baptist,Spartanburg - Converse,0.8936,Spartanburg - Cornerstone Baptist,0.8621,Spartanburg - Cowpens,0.7826,0.0315
manual_medium,Spartanburg,Spartanburg - Fairforest,SPARTANBURG - FAIRFOREST,1,Spartanburg - Fairforest Elementary,Spartanburg - Airport,0.8889,Spartanburg - Failsafe,0.8261,Spartanburg - Fairgrounds,0.8163,0.0628
manual_medium,Spartanburg,Spartanburg - Grace Baptist,SPARTANBURG - GRACE BAPTIST,1,Spartanburg - Duncan United Methodist,Spartanburg - Apalache Baptist,0.8772,Spartanburg - Croft Baptist,0.8519,Spartanburg - Eastside Baptist,0.8421,0.0253
manual_medium,Spartanburg,Spartanburg - Holly Springs,SPARTANBURG - HOLLY SPRINGS,1,Spartanburg - Holly Springs Baptist,Spartanburg - Holly Springs Motlow,0.8852,Spartanburg - Holly Springs Baptist,0.8710,Spartanburg - Cooley Springs Baptist,0.7937,0.0142
manual_medium,Spartanburg,Spartanburg - Una Fire Station,SPARTANBURG - UNA FIRE STATION,1,Spartanburg - Powell Saxon Una,Spartanburg - Pelham Fire Station,0.8889,Spartanburg - Startex Fire Station,0.8750,Spartanburg - Converse Fire Station,0.8615,0.0139
manual_medium,Sumter,Sumter - 2Nd Mill,SUMTER - 2ND MILL,1,Sumter - Second Mill,Sumter - Second Mill,0.8649,Sumter - Stone Hill,0.7778,Sumter - Millwood,0.7647,0.0871
manual_medium,Sumter,Sumter - Oakland Plant. 1,SUMTER - OAKLAND PLANT. 1,1,Sumter - Oakland Plantation 1,Sumter - Oakland Plantation 1,0.8889,Sumter - Oakland Plantation 2,0.8519,,,0.0370
manual_medium,Sumter,Sumter - Oakland Plant. 2,SUMTER - OAKLAND PLANT. 2,1,Sumter - Oakland Plantation 2,Sumter - Oakland Plantation 2,0.8889,Sumter - Oakland Plantation 1,0.8519,,,0.0370
manual_medium,Union,Union - Ward 1 Box 1,UNION - WARD 1 BOX 1,1,Union - Union Ward 1 Box 1,Union - Union Ward 1 Box 1,0.8696,Union - Union Ward 1 Box 2,0.8261,Union - Union Ward 4 Box 1,0.8261,0.0435
manual_medium,Union,Union - Ward 1 Box 2,UNION - WARD 1 BOX 2,1,Union - Union Ward 1 Box 2,Union - Union Ward 1 Box 2,0.8696,Union - Union Ward 1 Box 1,0.8261,Union - Union Ward 4 Box 2,0.8261,0.0435
manual_medium,Union,Union - Ward 4 Box 1,UNION - WARD 4 BOX 1,1,Union - Union Ward 4 Box 1,Union - Union Ward 4 Box 1,0.8696,Union - Union Ward 1 Box 1,0.8261,Union - Union Ward 4 Box 2,0.8261,0.0435
manual_medium,Union,Union - Ward 4 Box 2,UNION - WARD 4 BOX 2,1,Union - Union Ward 4 Box 2,Union - Union Ward 4 Box 2,0.8696,Union - Union Ward 1 Box 2,0.8261,Union - Union Ward 4 Box 1,0.8261,0.0435
manual_hard,Aiken,Aiken - Ascauga Lake,AIKEN - ASCAUGA LAKE,2,Aiken - Ascauga Lake No. 63,Aiken - Ascauga Lake No. 63,0.8511,Aiken - Ascauga Lake No. 84,0.8511,Aiken - Misty Lakes,0.7179,0.0000
manual_hard,Aiken,Aiken - Gem Lakes,AIKEN - GEM LAKES,2,Aiken - Gem Lakes No. 60,Aiken - Misty Lakes,0.8333,Aiken - Gem Lakes No. 60,0.8293,Aiken - Gem Lakes No. 77,0.8293,0.0040
manual_hard,Aiken,Aiken - Hammond,AIKEN - HAMMOND,2,Aiken - Hammond No. 48,Aiken - Hammond No. 48,0.8108,Aiken - Hammond No. 81,0.8108,Aiken - Ward,0.7407,0.0000
manual_hard,Aiken,Aiken - Levels,AIKEN - LEVELS,2,Aiken - Levels No. 52,Aiken - Levels No. 52,0.8000,Aiken - Levels No. 72,0.8000,Aiken - Levels No. 83,0.8000,0.0000
manual_hard,Aiken,Aiken - 6 Points 35,AIKEN - 6 POINTS 35,1,Aiken - Six Points No. 35,Aiken - Six Points No. 35,0.8182,Aiken - Six Points No. 46,0.7273,,,0.0909
manual_hard,Aiken,Aiken - 6 Points 46,AIKEN - 6 POINTS 46,1,Aiken - Six Points No. 46,Aiken - Six Points No. 46,0.8182,Aiken - Six Points No. 35,0.7273,,,0.0909
manual_hard,Aiken,Aiken - Couchton No. 56,AIKEN - COUCHTON NO. 56,1,Aiken - Couchton,Aiken - Couchton,0.8205,Aiken - Community No. 86,0.7660,Aiken - South Aiken No. 75,0.7347,0.0545
manual_hard,Aiken,Aiken - Eureka No. 14,AIKEN - EUREKA NO. 14,1,Aiken - Eureka,Aiken - Eureka,0.8000,Aiken - Creek No. 85,0.7805,Aiken - Cedar Creek No. 64,0.7660,0.0195
manual_hard,Aiken,Aiken - Jackson No. 17,AIKEN - JACKSON NO. 17,1,Aiken - Jackson,Aiken - Aiken No. 1,0.8293,Aiken - Jackson,0.8108,Aiken - Aiken No. 47,0.8095,0.0185
manual_hard,Aiken,Aiken - Langley No. 18,AIKEN - LANGLEY NO. 18,1,Aiken - Langley,Aiken - Langley,0.8108,Aiken - Midland Valley No. 51,0.7843,Aiken - Midland Valley No. 71,0.7843,0.0265
manual_hard,Aiken,Aiken - Lynwood No. 19,AIKEN - LYNWOOD NO. 19,1,Aiken - Lynwood,Aiken - Lynwood,0.8108,Aiken - Aiken No. 1,0.7317,Aiken - Hammond No. 81,0.7273,0.0791
manual_hard,Aiken,Aiken - Millbrook No 20,AIKEN - MILLBROOK NO 20,1,Aiken - Millbrook,Aiken - Millbrook,0.8500,Aiken - Aiken No. 2,0.7143,,,0.1357
manual_hard,Aiken,Aiken - Millbrook No. 20,AIKEN - MILLBROOK NO. 20,1,Aiken - Millbrook,Aiken - Millbrook,0.8293,Aiken - Aiken No. 2,0.7442,Aiken - Levels No. 52,0.7111,0.0851
manual_hard,Aiken,Aiken - Misty Lakes No. 45,AIKEN - MISTY LAKES NO. 45,1,Aiken - Misty Lakes,Aiken - Misty Lakes,0.8444,Aiken - Gem Lakes No. 60,0.8000,Aiken - Gem Lakes No. 77,0.8000,0.0444
manual_hard,Aiken,Aiken - Monetta No. 21,AIKEN - MONETTA NO. 21,1,Aiken - Monetta,Aiken - Monetta,0.8108,Aiken - Hammond No. 81,0.7727,Aiken - Montmorenci No. 22,0.7500,0.0381
manual_hard,Aiken,Aiken - Oak Grove No 30,AIKEN - OAK GROVE NO 30,1,Aiken - Oak Grove,Aiken - Oak Grove,0.8500,Aiken - Aiken No. 3,0.7619,Aiken - Aiken No. 1,0.7143,0.0881
manual_hard,Aiken,Aiken - Oak Grove No. 30,AIKEN - OAK GROVE NO. 30,1,Aiken - Oak Grove,Aiken - Oak Grove,0.8293,Aiken - Aiken No. 3,0.7907,Aiken - Aiken No. 1,0.7442,0.0386
manual_hard,Aiken,Aiken - Perry No. 31,AIKEN - PERRY NO. 31,1,Aiken - Perry,Aiken - Perry,0.7879,Aiken - Aiken No. 1,0.7692,Aiken - Aiken No. 3,0.7692,0.0187
manual_hard,Aiken,Aiken - Salley No. 32,AIKEN - SALLEY NO. 32,1,Aiken - Salley,Aiken - Aiken No. 2,0.8000,Aiken - Aiken No. 3,0.8000,Aiken - Salley,0.8000,0.0000
manual_hard,Aiken,Aiken - Shiloh No. 34,AIKEN - SHILOH NO. 34,1,Aiken - Shiloh,Aiken - Shiloh,0.8000,Aiken - Aiken No. 3,0.7500,Aiken - Aiken No. 4,0.7500,0.0500
manual_hard,Aiken,Aiken - Talatha No. 37,AIKEN - TALATHA NO. 37,1,Aiken - Talatha,Aiken - Talatha,0.8108,Aiken - Aiken No. 3,0.7317,Aiken - Aiken No. 47,0.7143,0.0791
manual_hard,Aiken,Aiken - Vaucluse No. 38,AIKEN - VAUCLUSE NO. 38,1,Aiken - Vaucluse,Aiken - Vaucluse,0.8205,Aiken - Levels No. 83,0.7727,Aiken - Aiken No. 3,0.7619,0.0478
manual_hard,Aiken,Aiken - Wagener No. 39,AIKEN - WAGENER NO. 39,1,Aiken - Wagener,Aiken - Aiken No. 3,0.8293,Aiken - Wagener,0.8108,Aiken - Aiken No. 1,0.7805,0.0185
manual_hard,Anderson,Anderson - 3 And 20,ANDERSON - 3 AND 20,1,Anderson - Three And Twenty,Anderson - Anderson 1/2,0.7805,Anderson - Anderson 2/1,0.7805,Anderson - Anderson 2/2,0.7805,0.0000
manual_hard,Anderson,Anderson - Grove School,ANDERSON - GROVE SCHOOL,1,Anderson - Jackson Mill,Anderson - Hammond School,0.7917,Anderson - Wright'S School,0.7917,Anderson - Provisional,0.7556,0.0000
manual_hard,Berkeley,Berkeley - 78,BERKELEY - 78,1,Berkeley - Seventy Eight,Berkeley - Alvin,0.7586,Berkeley - Cross,0.7586,Berkeley - Huger,0.7586,0.0000
manual_hard,Berkeley,Berkeley - Emergency,BERKELEY - EMERGENCY,1,Berkeley - Medway,Berkeley - Medway,0.7568,Berkeley - Bethera,0.7368,Berkeley - Huger,0.7222,0.0200
manual_hard,Berkeley,Berkeley - Emergency 2,BERKELEY - EMERGENCY 2,1,Berkeley - Macedonia 2,Berkeley - Medway,0.7179,Berkeley - Sedgefield 2,0.7111,Berkeley - Bethera,0.7000,0.0068
manual_hard,Cherokee,Cherokee - 99 And Cherokee Falls,CHEROKEE - 99 AND CHEROKEE FALLS,1,Cherokee - Ninety Nine And Cherokee Falls,Cherokee - Ninety Nine And Cherokee Falls,0.8219,,,,,0.8219
manual_hard,Cherokee,Cherokee - Central,CHEROKEE - CENTRAL,1,Cherokee - Gaffney Ward No. 5,Cherokee - Macedonia,0.7895,Cherokee - Allens,0.7429,Cherokee - Provisional,0.7000,0.0466
manual_hard,Chesterfield,Chesterfield - Center Point,CHESTERFIELD - CENTER POINT,1,Chesterfield - Cheraw No. 4,Chesterfield - Center Grove-Winzo,0.8333,Chesterfield - Jefferson,0.7843,Chesterfield - Mcbee,0.7660,0.0490
manual_hard,Colleton,Colleton - Ashton,COLLETON - ASHTON,1,Colleton - Ashton-Lodge,Colleton - Ashton-Lodge,0.8500,Colleton - Edisto,0.8235,Colleton - Stokes,0.8235,0.0265
manual_hard,Colleton,Colleton - Berea,COLLETON - BEREA,1,Colleton - Berea-Smoaks,Colleton - Berea-Smoaks,0.8205,Colleton - Bells,0.8125,Colleton - Peniel,0.7879,0.0080
manual_hard,Colleton,Colleton - Lodge,COLLETON - LODGE,1,Colleton - Ashton-Lodge,Colleton - Ashton-Lodge,0.8205,Colleton - Stokes,0.7879,Colleton - Peeples,0.7647,0.0326
manual_hard,Dillon,Dillon - Gaddys Mill,DILLON - GADDYS MILL,1,Dillon - Pleasant Hill,Dillon - Pleasant Hill,0.7143,Dillon - East Dillon,0.7000,,,0.0143
manual_hard,Edgefield,Edgefield - Kendall,EDGEFIELD - KENDALL,1,Edgefield - Edgefield No. 2,Edgefield - Westside,0.7179,Edgefield - Provisional,0.7143,,,0.0036
manual_hard,Florence,Florence - Emergency,FLORENCE - EMERGENCY,1,Florence - Evergreen,Florence - Evergreen,0.8500,Florence - Elim-Glenwood,0.7273,Florence - Salem,0.7222,0.1227
manual_hard,Florence,Florence - Emergency 1,FLORENCE - EMERGENCY 1,1,Florence - Evergreen,Florence - Evergreen,0.8095,Florence - Delmae No. 1,0.7556,Florence - West Florence 1,0.7500,0.0539
manual_hard,Georgetown,Georgetown - Cedar Creek,GEORGETOWN - CEDAR CREEK,1,Georgetown - Lambert Town,Georgetown - Santee,0.7442,Georgetown - Andrews,0.7273,Georgetown - Choppee,0.7273,0.0169
manual_hard,Georgetown,Georgetown - Emergency,GEORGETOWN - EMERGENCY,1,Georgetown - Lambert Town,Georgetown - Pee Dee,0.7619,Georgetown - Myersville,0.7556,Georgetown - Bethel,0.7317,0.0063
manual_hard,Georgetown,Georgetown - Georgetown No. 2-Dream Keepers,GEORGETOWN - GEORGETOWN NO. 2-DREAM KEEPERS,1,Georgetown - Dream Keepers,Georgetown - Georgetown No. 1,0.7778,Georgetown - Georgetown No. 3,0.7778,Georgetown - Georgetown No. 4,0.7778,0.0000
manual_hard,Georgetown,Georgetown - Georgetown No. 2-Dreamkeepers,GEORGETOWN - GEORGETOWN NO. 2-DREAMKEEPERS,1,Georgetown - Dream Keepers,Georgetown - Georgetown No. 1,0.7887,Georgetown - Georgetown No. 3,0.7887,Georgetown - Georgetown No. 4,0.7887,0.0000
manual_hard,Greenwood,Greenwood - Greenwood No. 6,GREENWOOD - GREENWOOD NO. 6,3,Greenwood - Hopes Ferry,Greenwood - Greenwood High,0.8302,Greenwood - Greenwood Mill,0.8302,Greenwood - Stonewood,0.7083,0.0000
manual_hard,Greenwood,Greenwood - Emergency,GREENWOOD - EMERGENCY,1,Greenwood - Bees Ferry,Greenwood - Verdery,0.8000,Greenwood - Emerald,0.8000,Greenwood - Georgetown,0.7907,0.0000
manual_hard,Greenwood,Greenwood - Emergency Provisional,GREENWOOD - EMERGENCY PROVISIONAL,1,Greenwood - Angel Oaks Crossing,Greenwood - Provisional,0.8214,Greenwood - Failsafe Provisional,0.7692,,,0.0522
manual_hard,Greenwood,Greenwood - Greenwood No. 1,GREENWOOD - GREENWOOD NO. 1,1,Greenwood - Loblolly Pines,Greenwood - Greenwood High,0.8302,Greenwood - Greenwood Mill,0.8302,Greenwood - Stonewood,0.7083,0.0000
manual_hard,Greenwood,Greenwood - Greenwood No. 2,GREENWOOD - GREENWOOD NO. 2,1,Greenwood - Bees Ferry,Greenwood - Greenwood High,0.8302,Greenwood - Greenwood Mill,0.8302,Greenwood - Stonewood,0.7083,0.0000
manual_hard,Greenwood,Greenwood - Greenwood No. 3,GREENWOOD - GREENWOOD NO. 3,1,Greenwood - Levis Knoll,Greenwood - Greenwood High,0.8302,Greenwood - Greenwood Mill,0.8302,Greenwood - Stonewood,0.7083,0.0000
manual_hard,Greenwood,Greenwood - Greenwood No. 4,GREENWOOD - GREENWOOD NO. 4,1,Greenwood - Grandiflora Glen,Greenwood - Greenwood High,0.8302,Greenwood - Greenwood Mill,0.8302,Greenwood - Stonewood,0.7083,0.0000
manual_hard,Greenwood,Greenwood - Greenwood No. 5,GREENWOOD - GREENWOOD NO. 5,1,Greenwood - Ashley River Run,Greenwood - Greenwood High,0.8302,Greenwood - Greenwood Mill,0.8302,Greenwood - Stonewood,0.7083,0.0000
manual_hard,Greenwood,Greenwood - Greenwood No. 7,GREENWOOD - GREENWOOD NO. 7,1,Greenwood - Fairhope Ferry,Greenwood - Greenwood High,0.8302,Greenwood - Greenwood Mill,0.8302,Greenwood - Stonewood,0.7083,0.0000
manual_hard,Greenwood,Greenwood - Greenwood No. 8,GREENWOOD - GREENWOOD NO. 8,1,Greenwood - Pebble Stone Way,Greenwood - Greenwood High,0.8302,Greenwood - Greenwood Mill,0.8302,Greenwood - Stonewood,0.7083,0.0000
manual_hard,Greenwood,Greenwood - Merrywood,GREENWOOD - MERRYWOOD,1,Greenwood - Parsons Mill,Greenwood - Stonewood,0.8095,Greenwood - Verdery,0.8000,Greenwood - Emerald,0.8000,0.0095
manual_hard,Greenwood,Greenwood - Rutherford Ford,GREENWOOD - RUTHERFORD FORD,1,Greenwood - Rutherford Shoals,Greenwood - Rutherford Shoals,0.8571,,,,,0.8571
manual_hard,Horry,Horry - 4 Mile,HORRY - 4 MILE,1,Horry - Four Mile,Horry - Four Mile,0.8387,Horry - Maple,0.8148,Horry - Leon,0.7692,0.0239
manual_hard,Horry,Horry - Bayboro,HORRY - BAYBORO,1,Horry - Bayboro-Gurley,Horry - Aynor,0.8571,Horry - Bayboro-Gurley,0.8108,Horry - Daisy,0.7143,0.0463
manual_hard,Horry,Horry - Floyds,HORRY - FLOYDS,1,Horry - Mt. Olive,Horry - Leon,0.7692,Horry - Horry,0.7407,Horry - Failsafe,0.7333,0.0285
manual_hard,Horry,Horry - Gurley,HORRY - GURLEY,1,Horry - Bayboro-Gurley,Horry - Bayboro-Gurley,0.7778,Horry - Four Mile,0.7742,Horry - Leon,0.7692,0.0036
manual_hard,Horry,Horry - Hickory Hill,HORRY - HICKORY HILL,1,Horry - Live Oak,Horry - Hickory Grove,0.7805,Horry - Poplar Hill,0.7692,Horry - Windy Hill #1,0.7500,0.0113
manual_hard,Horry,Horry - Jordanville,HORRY - JORDANVILLE,1,Horry - Cedar Grove,Horry - Toddville,0.8333,Horry - Four Mile,0.7222,Horry - Red Hill #1,0.7027,0.1111
manual_hard,Horry,Horry - Joyner Swamp,HORRY - JOYNER SWAMP,1,Horry - Methodist-Mill Swamp,Horry - Tilly Swamp,0.7692,Horry - Pawley'S Swamp,0.7317,Horry - Juniper Bay,0.7179,0.0375
manual_hard,Horry,Horry - Methodist Rehobeth,HORRY - METHODIST REHOBETH,1,Horry - Methodist-Mill Swamp,,,,,,,
manual_hard,Horry,Horry - Norton,HORRY - NORTON,1,Horry - Mt. Olive,Horry - Aynor,0.8148,Horry - North Conway #1,0.7778,Horry - North Conway #2,0.7778,0.0370
manual_hard,Horry,Horry - Spring Branch,HORRY - SPRING BRANCH,1,Horry - Mt. Olive,,,,,,,
manual_hard,Horry,Horry - Taylorsville,HORRY - TAYLORSVILLE,1,Horry - Pleasant View,Horry - Toddville,0.8108,Horry - Brooksville #1,0.7317,Horry - Brooksville #2,0.7317,0.0791
manual_hard,Jasper,Jasper - Emergency,JASPER - EMERGENCY,1,Jasper - Sun City,Jasper - Levy,0.7097,,,,,0.7097
manual_hard,Kershaw,Kershaw - E Camden-Hermitage,KERSHAW - E CAMDEN-HERMITAGE,1,Kershaw - E. Camden-Hermitage,,,,,,,
manual_hard,Lancaster,Lancaster - Belair,LANCASTER - BELAIR,1,Lancaster - Gold Hill,Lancaster - Elgin,0.8571,Lancaster - Osceola,0.8108,Lancaster - Mcilwain,0.7895,0.0463
manual_hard,Lancaster,Lancaster - Belair Ii,LANCASTER - BELAIR II,1,Lancaster - Black Horse Run,Lancaster - Elgin,0.7895,Lancaster - Osceola,0.7500,Lancaster - Mcilwain,0.7317,0.0395
manual_hard,Lancaster,Lancaster - Belair Number 2,LANCASTER - BELAIR NUMBER 2,1,Lancaster - Black Horse Run,Lancaster - Elgin,0.7273,,,,,0.7273
manual_hard,Lancaster,Lancaster - Goochs Cross Rds,LANCASTER - GOOCHS CROSS RDS,1,Lancaster - Goochs Cross Road,,,,,,,
manual_hard,Lancaster,Lancaster - Goochs Cross Roads,LANCASTER - GOOCHS CROSS ROADS,1,Lancaster - Goochs Cross Road,,,,,,,
manual_hard,Laurens,Laurens - Brewerton,LAURENS - BREWERTON,1,Laurens - Brewerton - Princeton,Laurens - Brewerton-Princeton,0.7917,Laurens - Greenpond,0.7895,Laurens - Waterloo,0.7568,0.0022
manual_hard,Laurens,Laurens - Emergency 2,LAURENS - EMERGENCY 2,1,Laurens - Laurens 2,Laurens - Laurens 2,0.7500,Laurens - Laurens 1,0.7000,Laurens - Laurens 3,0.7000,0.0500
manual_hard,Laurens,Laurens - Princeton,LAURENS - PRINCETON,1,Laurens - Brewerton - Princeton,Laurens - Brewerton-Princeton,0.7917,Laurens - Clinton 1,0.7895,Laurens - Clinton 2,0.7895,0.0022
manual_hard,Laurens,Laurens - Ward 3,LAURENS - WARD 3,1,Laurens - Laurens 3,Laurens - Laurens 3,0.8000,Laurens - Waterloo,0.7647,Laurens - Laurens 1,0.7429,0.0353
manual_hard,Lexington,Lexington - 7 Oaks,LEXINGTON - 7 OAKS,1,Lexington - Seven Oaks,Lexington - Seven Oaks,0.8500,Lexington - Oakwood,0.8108,Lexington - Red Bank,0.7895,0.0392
manual_hard,Newberry,Newberry - Midway,NEWBERRY - MIDWAY,1,Newberry - Little Mountain,Newberry - Pomaria,0.8000,Newberry - Maybinton,0.7568,Newberry - Peak,0.7500,0.0432
manual_hard,Oconee,Oconee - Emergency,OCONEE - EMERGENCY,1,Oconee - Westminster 1,Oconee - Keowee,0.7273,Oconee - Return,0.7273,Oconee - Ravenel,0.7059,0.0000
manual_hard,Pickens,Pickens - Park Street,PICKENS - PARK STREET,2,Pickens - Fruit Mountain,Pickens - Praters Creek,0.7727,Pickens - Pike,0.7429,Pickens - Rices Creek,0.7143,0.0298
manual_hard,Pickens,Pickens - Central I,PICKENS - CENTRAL I,1,Pickens - West Central,Pickens - West Central,0.8293,Pickens - North Central,0.8095,Pickens - South Central,0.8095,0.0198
manual_hard,Pickens,Pickens - Liberty I,PICKENS - LIBERTY I,1,Pickens - East Liberty,Pickens - West Liberty,0.8293,Pickens - East Liberty,0.8293,Pickens - North Liberty,0.8095,0.0000
manual_hard,Spartanburg,Spartanburg - Arrowood Baptist,SPARTANBURG - ARROWOOD BAPTIST,1,Spartanburg - Chesnee Elementary,Spartanburg - Croft Baptist,0.8421,Spartanburg - Lake Bowen Baptist,0.8065,Spartanburg - Eastside Baptist,0.8000,0.0356
manual_hard,Spartanburg,Spartanburg - Beaumont Methodist Church,SPARTANBURG - BEAUMONT METHODIST CHURCH,1,Spartanburg - Beaumont Methodist,Spartanburg - Ben Avon Methodist,0.8169,Spartanburg - Gramling Methodist,0.7606,Spartanburg - Landrum United Methodist,0.7532,0.0563
manual_hard,Spartanburg,Spartanburg - C C Woodson Center,SPARTANBURG - C C WOODSON CENTER,1,Spartanburg - C.C. Woodson Recreation,Spartanburg - C.C. Woodson Recreation,0.8116,Spartanburg - Woodruff Leisure Center,0.7536,Spartanburg - Converse,0.7037,0.0580
manual_hard,Spartanburg,Spartanburg - Canaan Baptist,SPARTANBURG - CANAAN BAPTIST,1,Spartanburg - Canaan,Spartanburg - Croft Baptist,0.8364,Spartanburg - Canaan,0.8333,Spartanburg - Cornerstone Baptist,0.8197,0.0031
manual_hard,Spartanburg,Spartanburg - Cherokee Springs,SPARTANBURG - CHEROKEE SPRINGS,1,Spartanburg - Cherokee Springs Fire Station,Spartanburg - Cherokee Springs Fire Station,0.8219,Spartanburg - Enoree River,0.7500,Spartanburg - Holly Springs Motlow,0.7500,0.0719
manual_hard,Spartanburg,Spartanburg - Cherokee Springs A,SPARTANBURG - CHEROKEE SPRINGS A,1,Spartanburg - Cherokee Springs Fire Station,Spartanburg - Cherokee Springs Fire Station,0.8533,Spartanburg - Holly Springs Baptist,0.7761,Spartanburg - Cooley Springs Baptist,0.7647,0.0772
manual_hard,Spartanburg,Spartanburg - Chesnee Senior Center,SPARTANBURG - CHESNEE SENIOR CENTER,1,Spartanburg - Chesnee Elementary,Spartanburg - Chesnee Elementary,0.8060,Spartanburg - Enoree River,0.7213,Spartanburg - Swofford Career Center,0.7042,0.0847
manual_hard,Spartanburg,Spartanburg - Cleveland Elementary Sch,SPARTANBURG - CLEVELAND ELEMENTARY SCH,1,Spartanburg - Cleveland Elementary,Spartanburg - Oakland Elementary,0.8286,Spartanburg - Lyman Elementary,0.8235,Spartanburg - Arcadia Elementary,0.8000,0.0051
manual_hard,Spartanburg,Spartanburg - Cleveland Elementary School,SPARTANBURG - CLEVELAND ELEMENTARY SCHOOL,1,Spartanburg - Cleveland Elementary,Spartanburg - Oakland Elementary,0.7945,Spartanburg - Lyman Elementary,0.7887,Spartanburg - Arcadia Elementary,0.7671,0.0058
manual_hard,Spartanburg,Spartanburg - Drayton Fire Station,SPARTANBURG - DRAYTON FIRE STATION,1,Spartanburg - Dayton Fire Station,Spartanburg - Startex Fire Station,0.8529,Spartanburg - Converse Fire Station,0.8406,Spartanburg - Pelham Fire Station,0.8358,0.0123
manual_hard,Spartanburg,Spartanburg - Friendship Baptist,SPARTANBURG - FRIENDSHIP BAPTIST,1,Spartanburg - D. R. Hill Middle School,Spartanburg - Mt. Moriah Baptist,0.7812,Spartanburg - Croft Baptist,0.7797,Spartanburg - Holly Springs Baptist,0.7761,0.0015
manual_hard,Spartanburg,Spartanburg - Gramling,SPARTANBURG - GRAMLING,1,Spartanburg - Gramling Methodist,Spartanburg - Rainbow,0.8372,Spartanburg - Gramling Methodist,0.8148,Spartanburg - Drayton,0.7907,0.0224
manual_hard,Spartanburg,Spartanburg - Inman Mills Baptist Church,SPARTANBURG - INMAN MILLS BAPTIST CHURCH,1,Spartanburg - Anderson Mill Baptist,Spartanburg - Anderson Mill Baptist,0.7733,Spartanburg - Mt. Moriah Baptist,0.7222,,,0.0511
manual_hard,Spartanburg,Spartanburg - Mountain View Baptist,SPARTANBURG - MOUNTAIN VIEW BAPTIST,1,Spartanburg - Carlisle Wesleyan,Spartanburg - Morningside Baptist,0.8529,Spartanburg - Cornerstone Baptist,0.7941,Spartanburg - Motlow Creek Baptist,0.7826,0.0588
manual_hard,Spartanburg,Spartanburg - Mt. Moriah,SPARTANBURG - MT. MORIAH,1,Spartanburg - Mt. Moriah Baptist,Spartanburg - Mt. Moriah Baptist,0.8571,Spartanburg - Cudd Memorial,0.7843,Spartanburg - Lyman,0.7442,0.0728
manual_hard,Spartanburg,Spartanburg - North Spartanburg Fire Station,SPARTANBURG - NORTH SPARTANBURG FIRE STATION,1,Spartanburg - Fairforest Elementary,Spartanburg - Poplar Springs Fire Station,0.8235,Spartanburg - Startex Fire Station,0.7949,Spartanburg - Cherokee Springs Fire Station,0.7816,0.0286
manual_hard,Spartanburg,Spartanburg - Pacolet Town Hall,SPARTANBURG - PACOLET TOWN HALL,1,Spartanburg - Pacolet Elementary,Spartanburg - Palmetto,0.7925,Spartanburg - Pacolet Elementary,0.7619,Spartanburg - Provisional,0.7143,0.0306
manual_hard,Spartanburg,Spartanburg - Park Hills Elementary Sch,SPARTANBURG - PARK HILLS ELEMENTARY SCH,1,Spartanburg - Park Hills Elementary,Spartanburg - Anderson Mill Elementary,0.8052,Spartanburg - Reidville Elementary,0.7945,Spartanburg - Arcadia Elementary,0.7887,0.0107
manual_hard,Spartanburg,Spartanburg - Pine Street Elementary School,SPARTANBURG - PINE STREET ELEMENTARY SCHOOL,1,Spartanburg - River Ridge Elementary,Spartanburg - River Ridge Elementary,0.7595,Spartanburg - West View Elementary,0.7532,Spartanburg - Pacolet Elementary,0.7467,0.0063
manual_hard,Spartanburg,Spartanburg - Poplar Springs A,SPARTANBURG - POPLAR SPRINGS A,1,Spartanburg - Poplar Springs Fire Station,Spartanburg - Poplar Springs Fire Station,0.8451,Spartanburg - Holly Springs Baptist,0.8000,Spartanburg - Cooley Springs Baptist,0.7879,0.0451
manual_hard,Spartanburg,Spartanburg - Powell Saxon Una Fire Station,SPARTANBURG - POWELL SAXON UNA FIRE STATION,1,Spartanburg - Powell Saxon Una,Spartanburg - Powell Saxon Una,0.8219,Spartanburg - Wellford Fire Station,0.8205,Spartanburg - Pelham Fire Station,0.8158,0.0014
manual_hard,Spartanburg,Spartanburg - Rebirth Missionary Baptist,SPARTANBURG - REBIRTH MISSIONARY BAPTIST,1,Spartanburg - Apalache Baptist,Spartanburg - Cornerstone Baptist,0.7671,Spartanburg - Mt. Moriah Baptist,0.7500,Spartanburg - Eastside Baptist,0.7429,0.0171
manual_hard,Spartanburg,Spartanburg - Reidville A,SPARTANBURG - REIDVILLE A,1,Spartanburg - Reidville Elementary,Spartanburg - Reidville Elementary,0.8475,Spartanburg - Reidville Fire Station,0.8197,Spartanburg - Valley Falls,0.7843,0.0278
manual_hard,Spartanburg,Spartanburg - Roebuck A,SPARTANBURG - ROEBUCK A,1,Spartanburg - Roebuck Elementary,Spartanburg - Roebuck Elementary,0.8364,Spartanburg - Roebuck Bethlehem,0.8148,Spartanburg - Hope,0.7805,0.0216
manual_hard,Spartanburg,Spartanburg - Roebuck B,SPARTANBURG - ROEBUCK B,1,Spartanburg - Roebuck Bethlehem,Spartanburg - Roebuck Bethlehem,0.8519,Spartanburg - Roebuck Elementary,0.8000,Spartanburg - Hope,0.7805,0.0519
manual_hard,Spartanburg,Spartanburg - Silverhill Methodist,SPARTANBURG - SILVERHILL METHODIST,1,Spartanburg - Victor Mill Methodist,Spartanburg - Victor Mill Methodist,0.8406,Spartanburg - Silverhill Memorial Umc,0.8169,Spartanburg - Trinity Methodist,0.8000,0.0237
manual_hard,Spartanburg,Spartanburg - Silverhill United Methodist,SPARTANBURG - SILVERHILL UNITED METHODIST,1,Spartanburg - Duncan United Methodist,Spartanburg - Landrum United Methodist,0.8354,Spartanburg - Duncan United Methodist,0.7949,Spartanburg - Trinity Methodist,0.7778,0.0405
manual_hard,Spartanburg,Spartanburg - T.W. Edwards Recreation Center,SPARTANBURG - T.W. EDWARDS RECREATION CENTER,1,Spartanburg - Pacolet Elementary,Spartanburg - C.C. Woodson Recreation,0.7654,Spartanburg - Woodland Heights Recreation Center,0.7391,,,0.0263
manual_hard,Spartanburg,Spartanburg - West View A,SPARTANBURG - WEST VIEW A,1,Spartanburg - West View Elementary,Spartanburg - West View Elementary,0.8475,Spartanburg - Cowpens,0.7391,Spartanburg - Chestnut Lake,0.7308,0.1084
manual_hard,Spartanburg,Spartanburg - Woodruff American Legion,SPARTANBURG - WOODRUFF AMERICAN LEGION,1,Spartanburg - Woodruff Elementary,,,,,,,
manual_hard,Spartanburg,Spartanburg - Woodruff Armory Drive Fire Station,SPARTANBURG - WOODRUFF ARMORY DRIVE FIRE STATION,1,Spartanburg - Woodruff Leisure Center,Spartanburg - Wellford Fire Station,0.7711,Spartanburg - Poplar Springs Fire Station,0.7416,Spartanburg - Cross Anchor Fire Station,0.7356,0.0295
manual_hard,Spartanburg,Spartanburg - Woodruff Town Hall,SPARTANBURG - WOODRUFF TOWN HALL,1,Spartanburg - Woodruff Elementary,Spartanburg - Drayton,0.7170,,,,,0.7170
manual_hard,Sumter,Sumter - Emergency 2,SUMTER - EMERGENCY 2,1,Sumter - Ebenezer 2,Sumter - Rembert,0.7222,Sumter - Ebenezer 2,0.7179,Sumter - Sumter High 2,0.7143,0.0043
manual_hard,Union,Union - Putman,UNION - PUTMAN,1,Union - Putnam,Union - Putnam,0.8571,Union - Kelton,0.7143,,,0.1428
manual_hard,York,York - Clover No. 1,YORK - CLOVER NO. 1,4,York - Bethel School,York - York No. 1,0.8333,York - Clover,0.8125,York - York No. 2,0.7778,0.0208
manual_hard,York,York - Clover No. 2,YORK - CLOVER NO. 2,3,York - Clover,York - York No. 2,0.8333,York - Clover,0.8125,York - York No. 1,0.7778,0.0208
