source_precinct,source_vote_count,reason,candidate_vtd10_name,name_similarity,dominant_2008_vtd_overlap_share
SPARTANBURG - CAMPTON A,2481,ambiguous_or_no_unique_name,SPARTANBURG - CANAAN BAPTIST,0.5333,
SPARTANBURG - WEST VIEW B,2152,ambiguous_or_no_unique_name,SPARTANBURG - WEST VIEW ELEMENTARY,0.9,
SPARTANBURG - BOWEN,1854,ambiguous_or_no_unique_name,SPARTANBURG - LAKE BOWEN BAPTIST,0.6667,
SPARTANBURG - REIDVILLE B,1840,ambiguous_or_no_unique_name,SPARTANBURG - REIDVILLE FIRE STATION,0.9,
SPARTANBURG - BOILING SPRINGS B,1827,ambiguous_or_no_unique_name,SPARTANBURG - BOILING SPRINGS JR. HIGH,0.9375,
SPARTANBURG - BALLENGER,1738,ambiguous_or_no_unique_name,SPARTANBURG - EBENEZER BAPTIST,0.5882,
SPARTANBURG - ARLINGTON,1586,ambiguous_or_no_unique_name,SPARTANBURG - GRAMLING METHODIST,0.5882,
SPARTANBURG - WALNUT GROVE,1574,ambiguous_or_no_unique_name,SPARTANBURG - CEDAR GROVE BAPTIST,0.6087,
SPARTANBURG - CHEROKEE SPRINGS B,1494,ambiguous_or_no_unique_name,SPARTANBURG - CHEROKEE SPRINGS FIRE STATION,0.9412,
LEXINGTON - ST. DAVIDS,1485,ambiguous_or_no_unique_name,LEXINGTON - 088,0.0,
LEXINGTON - BETHANY,1443,ambiguous_or_no_unique_name,LEXINGTON - 088,0.0,
SPARTANBURG - SPARTANBURG HIGH A,1394,ambiguous_or_no_unique_name,SPARTANBURG - SPARTANBURG HIGH SCHOOL,0.9167,
SPARTANBURG - FAIRMONT,1381,ambiguous_or_no_unique_name,SPARTANBURG - FAIRFOREST MIDDLE SCHOOL,0.6667,
SPARTANBURG - CUNNINGHAM,1344,ambiguous_or_no_unique_name,SPARTANBURG - CHAPMAN HIGH SCHOOL,0.4706,
SPARTANBURG - CAMPOBELLO,1316,ambiguous_or_no_unique_name,SPARTANBURG - POWELL SAXON UNA FIRE STATION,0.4615,
SPARTANBURG - POPLAR SPRINGS B,1314,ambiguous_or_no_unique_name,SPARTANBURG - POPLAR SPRINGS FIRE STATION,0.9333,
SPARTANBURG - INMAN A,1259,ambiguous_or_no_unique_name,SPARTANBURG - INMAN MILLS BAPTIST,0.6667,
SPARTANBURG - BRKLYN CS FINGV,1233,ambiguous_or_no_unique_name,SPARTANBURG - HOLLY SPRINGS BAPTIST,0.5,
SPARTANBURG - CEDAR SPRINGS,1212,ambiguous_or_no_unique_name,SPARTANBURG - CHEROKEE SPRINGS FIRE STATION,0.7586,
SPARTANBURG - CAMPTON B,1188,ambiguous_or_no_unique_name,SPARTANBURG - DRAYTON FIRE STATION,0.5,
SPARTANBURG - CAMELOT,1153,ambiguous_or_no_unique_name,SPARTANBURG - BEAUMONT METHODIST,0.5333,
SPARTANBURG - WHITNEY A 1,1133,ambiguous_or_no_unique_name,SPARTANBURG - WHITE STONE METHODIST,0.5455,
SPARTANBURG - INMAN B,1103,ambiguous_or_no_unique_name,SPARTANBURG - INMAN MILLS BAPTIST,0.6667,
KERSHAW - RABONS XROADS,1096,ambiguous_or_no_unique_name,KERSHAW - RABONS CROSSROADS,0.7742,
SPARTANBURG - COWPENS A,1068,ambiguous_or_no_unique_name,SPARTANBURG - COWPENS FIRE STATION,0.875,
SPARTANBURG - CHESNEE,1060,weak_2008_vtd_overlap,SPARTANBURG - CHESNEE SENIOR CENTER,1.0,0.822254
SPARTANBURG - WOODRUFF 1,1029,ambiguous_or_no_unique_name,SPARTANBURG - WOODRUFF TOWN HALL,0.8889,
SPARTANBURG - MOORE-SWITZER,997,ambiguous_or_no_unique_name,SPARTANBURG - MOTLOW CREEK BAPTIST,0.48,
SPARTANBURG - DUNCAN B,994,ambiguous_or_no_unique_name,SPARTANBURG - UNA FIRE STATION,0.5455,
SPARTANBURG - BOBO,973,ambiguous_or_no_unique_name,SPARTANBURG - WOODRUFF TOWN HALL,0.3333,
GREENVILLE - MT. PLEASANT,934,weak_2008_vtd_overlap,GREENVILLE - MT. PLEASANT,1.0,0.629619
AIKEN - BREEZY HILL 50,887,ambiguous_or_no_unique_name,AIKEN - BREEZY HILL,0.88,
MARLBORO - NORTH BENNETTSVILLE,879,weak_2008_vtd_overlap,MARLBORO - NORTH BENNETTSVILLE,1.0,0.248629
SPARTANBURG - ZION HILL A,868,ambiguous_or_no_unique_name,SPARTANBURG - VICTOR MILL METHODIST,0.5455,
SPARTANBURG - MAYO,845,ambiguous_or_no_unique_name,SPARTANBURG - MAYO ELEMENTARY,1.0,
SPARTANBURG - SPARTANBURG HIGH B,825,ambiguous_or_no_unique_name,SPARTANBURG - SPARTANBURG HIGH SCHOOL,0.9167,
SPARTANBURG - ZION HILL B,773,ambiguous_or_no_unique_name,SPARTANBURG - VICTOR MILL METHODIST,0.5455,
SPARTANBURG - WHITNEY A 2,758,ambiguous_or_no_unique_name,SPARTANBURG - WHITE STONE METHODIST,0.5455,
SPARTANBURG - DUNCAN A,755,ambiguous_or_no_unique_name,SPARTANBURG - CANAAN BAPTIST,0.5714,
SPARTANBURG - EAST GREER,736,ambiguous_or_no_unique_name,SPARTANBURG - PINE STREET ELEMENTARY,0.5714,
SPARTANBURG - WOODRUFF 2,709,ambiguous_or_no_unique_name,SPARTANBURG - WOODRUFF TOWN HALL,0.8889,
SPARTANBURG - WHITNEY STATION B-HILL TOP,692,ambiguous_or_no_unique_name,SPARTANBURG - WHITLOCK JR. HIGH,0.4615,
SPARTANBURG - PAULINE-GLENN S,686,ambiguous_or_no_unique_name,SPARTANBURG - PAULINE GLEEN SPRINGS ELEMENTARY,0.7778,
SPARTANBURG - COWPENS B,662,ambiguous_or_no_unique_name,SPARTANBURG - COWPENS FIRE STATION,0.875,
SPARTANBURG - HAYNE SHOP,653,ambiguous_or_no_unique_name,SPARTANBURG - HAYNE BAPTIST,0.6667,
SPARTANBURG - CANNONS CAMPGRD,648,ambiguous_or_no_unique_name,SPARTANBURG - CANNONS ELEMENTARY,0.6364,
SPARTANBURG - DEYOUNG,642,ambiguous_or_no_unique_name,SPARTANBURG - DRAYTON FIRE STATION,0.5714,
SPARTANBURG - MOTLOW,641,ambiguous_or_no_unique_name,SPARTANBURG - MOTLOW CREEK BAPTIST,0.6667,
SPARTANBURG - CENTRAL FIRE STATION,635,ambiguous_or_no_unique_name,SPARTANBURG - GLENDALE FIRE STATION,0.5333,
SPARTANBURG - STARTEX,562,weak_2008_vtd_overlap,SPARTANBURG - STARTEX FIRE STATION,1.0,0.668138
MARLBORO - E BENNETTSVILLE,560,ambiguous_or_no_unique_name,MARLBORO - WEST BENNETTSVILLE,0.9091,
MARLBORO - WEST BENNETTSVILLE,551,weak_2008_vtd_overlap,MARLBORO - WEST BENNETTSVILLE,1.0,0.662788
HORRY - EMERGENCY,512,ambiguous_or_no_unique_name,HORRY - GARDEN CITY 4,0.4545,
SPARTANBURG - CLIFTON,505,ambiguous_or_no_unique_name,SPARTANBURG - CLIFDALE ELEMENTARY,0.5333,
SPARTANBURG - PACOLET MILLS,486,ambiguous_or_no_unique_name,SPARTANBURG - PACOLET TOWN HALL,0.7,
SPARTANBURG - BUNTON,461,ambiguous_or_no_unique_name,SPARTANBURG - BEN AVON METHODIST,0.5714,
SPARTANBURG - ARKWRIGHT,437,ambiguous_or_no_unique_name,SPARTANBURG - POPLAR SPRINGS FIRE STATION,0.4348,
SPARTANBURG - ARCADIA-JOHNSON CITY,430,ambiguous_or_no_unique_name,SPARTANBURG - ARCADIA ELEMENTARY,0.5185,
MARLBORO - QUICKS XROADS,390,ambiguous_or_no_unique_name,MARLBORO - QUICKS X ROADS,0.963,
SPARTANBURG - WOODRUFF 3,388,ambiguous_or_no_unique_name,SPARTANBURG - WOODRUFF TOWN HALL,0.8889,
MARLBORO - SOUTH BENNETTSVILLE,366,weak_2008_vtd_overlap,MARLBORO - SOUTH BENNETTSVILLE,1.0,0.525254
SPARTANBURG - UNA,235,ambiguous_or_no_unique_name,SPARTANBURG - UNA FIRE STATION,1.0,
CHESTERFIELD - WHITE OAK,177,ambiguous_or_no_unique_name,CHESTERFIELD - SNOW HILL-VAUGHN,0.4,
CHESTERFIELD - CAT POND,160,ambiguous_or_no_unique_name,CHESTERFIELD - MT. CROGHAN,0.4444,
CHESTERFIELD - VAUGHN,159,ambiguous_or_no_unique_name,CHESTERFIELD - SNOW HILL-VAUGHN,0.5455,
KERSHAW - EMERGENCY,137,ambiguous_or_no_unique_name,KERSHAW - EAST CAMDEN-HERMITAGE,0.4,
CHESTERFIELD - WEXFORD,136,ambiguous_or_no_unique_name,CHESTERFIELD - JEFFERSON,0.375,
ORANGEBURG - EMERGENCY,94,ambiguous_or_no_unique_name,ORANGEBURG - PROVIDENCE,0.4211,
CLARENDON - EMERGENCY,84,ambiguous_or_no_unique_name,CLARENDON - HOME BRANCH,0.5,
DARLINGTON - EMERGENCY,82,ambiguous_or_no_unique_name,DARLINGTON - NEW MARKET,0.3158,
WILLIAMSBURG - EMERGENCY,35,ambiguous_or_no_unique_name,WILLIAMSBURG - HEMMINGWAY,0.4211,
BAMBERG - EMERGENCY,23,ambiguous_or_no_unique_name,BAMBERG - SOUTH BAMBERG,0.3636,
DORCHESTER - EMERGENCY,22,ambiguous_or_no_unique_name,DORCHESTER - ST. GEORGE 2,0.4348,
MARLBORO - EMERGENCY,20,ambiguous_or_no_unique_name,MARLBORO - EAST MCCOLL,0.3,
ABBEVILLE - EMERGENCY,19,ambiguous_or_no_unique_name,ABBEVILLE - KEOWEE,0.4,
ALLENDALE - EMERGENCY,11,ambiguous_or_no_unique_name,ALLENDALE - ULMER,0.4286,
CHESTER - EMERGENCY,11,ambiguous_or_no_unique_name,CHESTER - EDGEMOOR,0.3529,
MARION - EMERGENCY,7,ambiguous_or_no_unique_name,MARION - TEMPERANCE,0.6316,
NEWBERRY - EMERGENCY,3,ambiguous_or_no_unique_name,NEWBERRY - BETH - EDEN,0.4444,
BARNWELL - EMERGENCY,0,ambiguous_or_no_unique_name,BARNWELL - FRIENDSHIP,0.3158,
BEAUFORT - EMERGENCY,0,ambiguous_or_no_unique_name,BEAUFORT - ST. HELENA 2C,0.381,
CALHOUN - EMERGENCY,0,ambiguous_or_no_unique_name,CALHOUN - CAMERON,0.5,
CHEROKEE - EMERGENCY,0,ambiguous_or_no_unique_name,CHEROKEE - MORGAN,0.5333,
CHESTERFIELD - EMERGENCY,0,ambiguous_or_no_unique_name,CHESTERFIELD - JEFFERSON,0.4444,
COLLETON - EMERGENCY,0,ambiguous_or_no_unique_name,COLLETON - BEREA,0.4286,
DILLON - EMERGENCY,0,ambiguous_or_no_unique_name,DILLON - KEMPER,0.5333,
EDGEFIELD - EMERGENCY,0,ambiguous_or_no_unique_name,EDGEFIELD - MERRIWEATHER 2,0.3846,
FAIRFIELD - EMERGENCY,0,ambiguous_or_no_unique_name,FAIRFIELD - RIDGEWAY,0.4706,
HAMPTON - EMERGENCY,0,ambiguous_or_no_unique_name,HAMPTON - YEMASSEE,0.4706,
LANCASTER - EMERGENCY,0,ambiguous_or_no_unique_name,LANCASTER - ELGIN,0.4286,
LEE - EMERGENCY,0,ambiguous_or_no_unique_name,LEE - CEDAR CREEK,0.3,
MCCORMICK - EMERGENCY,0,ambiguous_or_no_unique_name,MCCORMICK - PLUM BRANCH,0.4,
PICKENS - EMERGENCY,0,ambiguous_or_no_unique_name,PICKENS - GEORGES CREEK,0.4545,
SPARTANBURG - EMERGENCY,0,ambiguous_or_no_unique_name,SPARTANBURG - DANIEL MORGAN TECHNOLOGY CENTER,0.4242,
SUMTER - EMERGENCY,0,ambiguous_or_no_unique_name,SUMTER - REMBERT,0.5,
UNION - EMERGENCY,0,ambiguous_or_no_unique_name,UNION - EXCELSIOR,0.3333,
